key,date,value,academie,decembre,elle,femina,franceinter,goncourt,goncourtlyceens,interallie,medicis,renaudot
Autres,1903,1,0,0,0,0,0,1,0,0,0,0
Autres,1904,1,0,0,0,1,0,0,0,0,0,0
Autres,1905,0,0,0,0,0,0,0,0,0,0,0
Autres,1906,0,0,0,0,0,0,0,0,0,0,0
Autres,1907,1,0,0,0,1,0,0,0,0,0,0
Autres,1908,1,0,0,0,0,0,1,0,0,0,0
Autres,1909,1,0,0,0,0,0,1,0,0,0,0
Autres,1910,1,0,0,0,1,0,0,0,0,0,0
Autres,1911,1,0,0,0,1,0,0,0,0,0,0
Autres,1912,1,0,0,0,1,0,0,0,0,0,0
Autres,1913,2,0,0,0,1,0,1,0,0,0,0
Autres,1914,2,0,0,0,1,0,1,0,0,0,0
Autres,1915,3,1,0,0,1,0,1,0,0,0,0
Autres,1916,1,0,0,0,1,0,0,0,0,0,0
Autres,1917,2,1,0,0,1,0,0,0,0,0,0
Autres,1918,0,0,0,0,0,0,0,0,0,0,0
Autres,1919,0,0,0,0,0,0,0,0,0,0,0
Autres,1920,2,0,0,0,1,0,1,0,0,0,0
Autres,1921,1,1,0,0,0,0,0,0,0,0,0
Autres,1922,0,0,0,0,0,0,0,0,0,0,0
Autres,1923,1,0,0,0,1,0,0,0,0,0,0
Autres,1924,0,0,0,0,0,0,0,0,0,0,0
Autres,1925,1,1,0,0,0,0,0,0,0,0,0
Autres,1926,0,0,0,0,0,0,0,0,0,0,0
Autres,1927,1,0,0,0,1,0,0,0,0,0,0
Autres,1928,2,0,0,0,1,0,1,0,0,0,0
Autres,1929,0,0,0,0,0,0,0,0,0,0,0
Autres,1930,2,0,0,0,0,0,1,0,0,0,1
Autres,1931,2,0,0,0,0,0,1,0,0,0,1
Autres,1932,1,0,0,0,0,0,0,0,0,0,1
Autres,1933,2,0,0,0,1,0,0,0,0,0,1
Autres,1934,0,0,0,0,0,0,0,0,0,0,0
Autres,1935,1,1,0,0,0,0,0,0,0,0,0
Autres,1936,3,0,0,0,1,0,0,0,1,0,1
Autres,1937,3,0,0,0,1,0,1,0,0,0,1
Autres,1938,1,0,0,0,0,0,0,0,0,0,1
Autres,1939,2,0,0,0,1,0,0,0,0,0,1
Autres,1940,4,0,0,0,1,0,1,0,0,0,2
Autres,1941,1,0,0,0,1,0,0,0,0,0,0
Autres,1942,2,0,0,0,1,0,0,0,0,0,1
Autres,1943,2,0,0,0,1,0,0,0,0,0,1
Autres,1944,3,1,0,0,1,0,0,0,0,0,1
Autres,1945,3,0,0,0,1,0,0,0,1,0,1
Autres,1946,3,1,0,0,0,0,0,0,1,0,1
Autres,1947,1,0,0,0,0,0,0,0,1,0,0
Autres,1948,3,1,0,0,1,0,0,0,1,0,0
Autres,1949,1,0,0,0,1,0,0,0,0,0,0
Autres,1950,2,1,0,0,0,0,0,0,0,0,1
Autres,1951,2,0,0,0,1,0,1,0,0,0,0
Autres,1952,0,0,0,0,0,0,0,0,0,0,0
Autres,1953,2,1,0,0,0,0,0,0,0,0,1
Autres,1954,0,0,0,0,0,0,0,0,0,0,0
Autres,1955,3,1,0,0,1,0,0,0,0,0,1
Autres,1956,1,0,0,0,0,0,0,0,1,0,0
Autres,1957,2,0,0,0,0,0,0,0,1,0,1
Autres,1958,3,1,0,0,0,0,0,0,1,1,0
Autres,1959,1,0,0,0,0,0,0,0,1,0,0
Autres,1960,2,0,0,0,0,0,1,0,1,0,0
Autres,1961,2,0,0,0,0,0,0,0,1,0,1
Autres,1962,0,0,0,0,0,0,0,0,0,0,0
Autres,1963,1,0,0,0,0,0,0,0,1,0,0
Autres,1964,2,0,0,0,1,0,0,0,0,1,0
Autres,1965,1,0,0,0,1,0,0,0,0,0,0
Autres,1966,0,0,0,0,0,0,0,0,0,0,0
Autres,1967,2,0,0,0,1,0,0,0,0,1,0
Autres,1968,1,0,0,0,0,0,1,0,0,0,0
Autres,1969,0,0,0,0,0,0,0,0,0,0,0
Autres,1970,1,0,0,0,0,0,0,0,0,0,1
Autres,1971,1,0,0,0,1,0,0,0,0,0,0
Autres,1972,1,0,0,0,0,0,1,0,0,0,0
Autres,1973,2,0,0,0,0,0,0,0,0,1,1
Autres,1974,2,0,0,1,0,0,0,0,1,0,0
Autres,1975,3,1,0,1,0,1,0,0,0,0,0
Autres,1976,1,0,0,1,0,0,0,0,0,0,0
Autres,1977,2,0,0,0,0,1,0,0,0,0,1
Autres,1978,2,0,0,0,0,0,0,0,0,1,1
Autres,1979,4,1,0,1,0,1,0,0,1,0,0
Autres,1980,1,0,0,1,0,0,0,0,0,0,0
Autres,1981,2,0,0,1,0,1,0,0,0,0,0
Autres,1982,3,0,0,1,1,0,0,0,1,0,0
Autres,1983,2,0,0,0,0,0,1,0,0,1,0
Autres,1984,2,0,0,0,0,1,1,0,0,0,0
Autres,1985,1,0,0,0,0,0,0,0,1,0,0
Autres,1986,2,0,0,0,1,1,0,0,0,0,0
Autres,1987,2,0,0,0,1,1,0,0,0,0,0
Autres,1988,2,0,0,1,0,1,0,0,0,0,0
Autres,1989,2,0,0,1,0,1,0,0,0,0,0
Autres,1990,4,0,0,1,0,0,1,1,0,0,1
Autres,1991,2,0,0,1,0,0,0,0,1,0,0
Autres,1992,0,0,0,0,0,0,0,0,0,0,0
Autres,1993,1,0,0,0,0,1,0,0,0,0,0
Autres,1994,5,0,0,1,0,1,0,1,1,0,1
Autres,1995,3,1,0,1,1,0,0,0,0,0,0
Autres,1996,3,0,0,0,1,1,0,1,0,0,0
Autres,1997,1,0,0,0,0,1,0,0,0,0,0
Autres,1998,2,0,0,0,0,1,0,1,0,0,0
Autres,1999,4,1,0,1,0,0,1,0,0,1,0
Autres,2000,2,0,1,0,1,0,0,0,0,0,0
Autres,2001,5,0,1,0,1,1,0,0,1,0,1
Autres,2002,5,0,2,1,0,1,0,1,0,0,0
Autres,2003,2,0,1,0,0,0,0,0,0,0,1
Autres,2004,5,0,0,1,1,1,1,0,0,0,1
Autres,2005,5,1,0,0,0,1,0,0,1,1,1
Autres,2006,2,0,0,1,1,0,0,0,0,0,0
Autres,2007,4,1,0,1,0,1,0,1,0,0,0
Autres,2008,8,1,1,1,1,1,1,0,1,1,0
Autres,2009,4,1,1,1,0,1,0,0,0,0,0
Autres,2010,6,1,0,1,1,0,0,1,1,1,0
Autres,2011,5,0,0,1,0,1,0,0,1,1,1
Autres,2012,7,1,1,1,0,1,1,1,0,1,0
Autres,2013,3,0,1,1,0,0,0,0,0,1,0
Autres,2014,5,1,0,1,1,1,0,0,1,0,0
Albin Michel,1903,0,0,0,0,0,0,0,0,0,0,0
Albin Michel,1904,1,0,0,0,0,0,1,0,0,0,0
Albin Michel,1905,1,0,0,0,1,0,0,0,0,0,0
Albin Michel,1906,0,0,0,0,0,0,0,0,0,0,0
Albin Michel,1907,0,0,0,0,0,0,0,0,0,0,0
Albin Michel,1908,0,0,0,0,0,0,0,0,0,0,0
Albin Michel,1909,0,0,0,0,0,0,0,0,0,0,0
Albin Michel,1910,0,0,0,0,0,0,0,0,0,0,0
Albin Michel,1911,0,0,0,0,0,0,0,0,0,0,0
Albin Michel,1912,0,0,0,0,0,0,0,0,0,0,0
Albin Michel,1913,0,0,0,0,0,0,0,0,0,0,0
Albin Michel,1914,0,0,0,0,0,0,0,0,0,0,0
Albin Michel,1915,0,0,0,0,0,0,0,0,0,0,0
Albin Michel,1916,0,0,0,0,0,0,0,0,0,0,0
Albin Michel,1917,1,0,0,0,0,0,1,0,0,0,0
Albin Michel,1918,0,0,0,0,0,0,0,0,0,0,0
Albin Michel,1919,2,1,0,0,1,0,0,0,0,0,0
Albin Michel,1920,1,1,0,0,0,0,0,0,0,0,0
Albin Michel,1921,2,0,0,0,1,0,1,0,0,0,0
Albin Michel,1922,2,1,0,0,0,0,1,0,0,0,0
Albin Michel,1923,0,0,0,0,0,0,0,0,0,0,0
Albin Michel,1924,1,0,0,0,1,0,0,0,0,0,0
Albin Michel,1925,0,0,0,0,0,0,0,0,0,0,0
Albin Michel,1926,0,0,0,0,0,0,0,0,0,0,0
Albin Michel,1927,0,0,0,0,0,0,0,0,0,0,0
Albin Michel,1928,0,0,0,0,0,0,0,0,0,0,0
Albin Michel,1929,0,0,0,0,0,0,0,0,0,0,0
Albin Michel,1930,0,0,0,0,0,0,0,0,0,0,0
Albin Michel,1931,1,1,0,0,0,0,0,0,0,0,0
Albin Michel,1932,0,0,0,0,0,0,0,0,0,0,0
Albin Michel,1933,0,0,0,0,0,0,0,0,0,0,0
Albin Michel,1934,1,0,0,0,0,0,1,0,0,0,0
Albin Michel,1935,0,0,0,0,0,0,0,0,0,0,0
Albin Michel,1936,1,0,0,0,0,0,1,0,0,0,0
Albin Michel,1937,0,0,0,0,0,0,0,0,0,0,0
Albin Michel,1938,0,0,0,0,0,0,0,0,0,0,0
Albin Michel,1939,0,0,0,0,0,0,0,0,0,0,0
Albin Michel,1940,0,0,0,0,0,0,0,0,0,0,0
Albin Michel,1941,0,0,0,0,0,0,0,0,0,0,0
Albin Michel,1942,0,0,0,0,0,0,0,0,0,0,0
Albin Michel,1943,0,0,0,0,0,0,0,0,0,0,0
Albin Michel,1944,0,0,0,0,0,0,0,0,0,0,0
Albin Michel,1945,0,0,0,0,0,0,0,0,0,0,0
Albin Michel,1946,0,0,0,0,0,0,0,0,0,0,0
Albin Michel,1947,0,0,0,0,0,0,0,0,0,0,0
Albin Michel,1948,0,0,0,0,0,0,0,0,0,0,0
Albin Michel,1949,0,0,0,0,0,0,0,0,0,0,0
Albin Michel,1950,0,0,0,0,0,0,0,0,0,0,0
Albin Michel,1951,0,0,0,0,0,0,0,0,0,0,0
Albin Michel,1952,1,1,0,0,0,0,0,0,0,0,0
Albin Michel,1953,0,0,0,0,0,0,0,0,0,0,0
Albin Michel,1954,0,0,0,0,0,0,0,0,0,0,0
Albin Michel,1955,1,0,0,0,0,0,1,0,0,0,0
Albin Michel,1956,1,1,0,0,0,0,0,0,0,0,0
Albin Michel,1957,0,0,0,0,0,0,0,0,0,0,0
Albin Michel,1958,0,0,0,0,0,0,0,0,0,0,0
Albin Michel,1959,1,0,0,0,0,0,0,0,0,1,0
Albin Michel,1960,0,0,0,0,0,0,0,0,0,0,0
Albin Michel,1961,0,0,0,0,0,0,0,0,0,0,0
Albin Michel,1962,0,0,0,0,0,0,0,0,0,0,0
Albin Michel,1963,0,0,0,0,0,0,0,0,0,0,0
Albin Michel,1964,1,0,0,0,0,0,1,0,0,0,0
Albin Michel,1965,0,0,0,0,0,0,0,0,0,0,0
Albin Michel,1966,0,0,0,0,0,0,0,0,0,0,0
Albin Michel,1967,0,0,0,0,0,0,0,0,0,0,0
Albin Michel,1968,0,0,0,0,0,0,0,0,0,0,0
Albin Michel,1969,0,0,0,0,0,0,0,0,0,0,0
Albin Michel,1970,0,0,0,0,0,0,0,0,0,0,0
Albin Michel,1971,0,0,0,0,0,0,0,0,0,0,0
Albin Michel,1972,0,0,0,0,0,0,0,0,0,0,0
Albin Michel,1973,0,0,0,0,0,0,0,0,0,0,0
Albin Michel,1974,0,0,0,0,0,0,0,0,0,0,0
Albin Michel,1975,0,0,0,0,0,0,0,0,0,0,0
Albin Michel,1976,1,0,0,0,0,1,0,0,0,0,0
Albin Michel,1977,0,0,0,0,0,0,0,0,0,0,0
Albin Michel,1978,0,0,0,0,0,0,0,0,0,0,0
Albin Michel,1979,0,0,0,0,0,0,0,0,0,0,0
Albin Michel,1980,0,0,0,0,0,0,0,0,0,0,0
Albin Michel,1981,1,1,0,0,0,0,0,0,0,0,0
Albin Michel,1982,0,0,0,0,0,0,0,0,0,0,0
Albin Michel,1983,1,1,0,0,0,0,0,0,0,0,0
Albin Michel,1984,1,0,0,1,0,0,0,0,0,0,0
Albin Michel,1985,1,0,0,0,0,1,0,0,0,0,0
Albin Michel,1986,1,1,0,0,0,0,0,0,0,0,0
Albin Michel,1987,0,0,0,0,0,0,0,0,0,0,0
Albin Michel,1988,0,0,0,0,0,0,0,0,0,0,0
Albin Michel,1989,1,1,0,0,0,0,0,0,0,0,0
Albin Michel,1990,0,0,0,0,0,0,0,0,0,0,0
Albin Michel,1991,0,0,0,0,0,0,0,0,0,0,0
Albin Michel,1992,0,0,0,0,0,0,0,0,0,0,0
Albin Michel,1993,1,0,0,1,0,0,0,0,0,0,0
Albin Michel,1994,1,0,0,0,0,0,1,0,0,0,0
Albin Michel,1995,1,0,0,0,0,0,0,0,0,0,1
Albin Michel,1996,2,1,0,0,0,0,1,0,0,0,0
Albin Michel,1997,1,0,0,0,0,0,0,0,1,0,0
Albin Michel,1998,1,0,0,0,1,0,0,0,0,0,0
Albin Michel,1999,1,1,0,0,0,0,0,0,0,0,0
Albin Michel,2000,1,0,0,0,0,0,0,0,1,0,0
Albin Michel,2001,2,1,0,1,0,0,0,0,0,0,0
Albin Michel,2002,1,0,0,0,0,0,0,0,0,0,1
Albin Michel,2003,1,0,0,0,0,0,1,0,0,0,0
Albin Michel,2004,0,0,0,0,0,0,0,0,0,0,0
Albin Michel,2005,1,0,0,0,0,0,0,1,0,0,0
Albin Michel,2006,0,0,0,0,0,0,0,0,0,0,0
Albin Michel,2007,0,0,0,0,0,0,0,0,0,0,0
Albin Michel,2008,0,0,0,0,0,0,0,0,0,0,0
Albin Michel,2009,1,0,0,0,0,0,0,1,0,0,0
Albin Michel,2010,0,0,0,0,0,0,0,0,0,0,0
Albin Michel,2011,0,0,0,0,0,0,0,0,0,0,0
Albin Michel,2012,0,0,0,0,0,0,0,0,0,0,0
Albin Michel,2013,2,0,0,0,0,1,1,0,0,0,0
Albin Michel,2014,0,0,0,0,0,0,0,0,0,0,0
Flammarion,1903,0,0,0,0,0,0,0,0,0,0,0
Flammarion,1904,0,0,0,0,0,0,0,0,0,0,0
Flammarion,1905,1,0,0,0,0,0,1,0,0,0,0
Flammarion,1906,1,0,0,0,1,0,0,0,0,0,0
Flammarion,1907,0,0,0,0,0,0,0,0,0,0,0
Flammarion,1908,0,0,0,0,0,0,0,0,0,0,0
Flammarion,1909,0,0,0,0,0,0,0,0,0,0,0
Flammarion,1910,0,0,0,0,0,0,0,0,0,0,0
Flammarion,1911,0,0,0,0,0,0,0,0,0,0,0
Flammarion,1912,0,0,0,0,0,0,0,0,0,0,0
Flammarion,1913,0,0,0,0,0,0,0,0,0,0,0
Flammarion,1914,0,0,0,0,0,0,0,0,0,0,0
Flammarion,1915,0,0,0,0,0,0,0,0,0,0,0
Flammarion,1916,1,0,0,0,0,0,1,0,0,0,0
Flammarion,1917,0,0,0,0,0,0,0,0,0,0,0
Flammarion,1918,1,0,0,0,1,0,0,0,0,0,0
Flammarion,1919,0,0,0,0,0,0,0,0,0,0,0
Flammarion,1920,0,0,0,0,0,0,0,0,0,0,0
Flammarion,1921,0,0,0,0,0,0,0,0,0,0,0
Flammarion,1922,0,0,0,0,0,0,0,0,0,0,0
Flammarion,1923,0,0,0,0,0,0,0,0,0,0,0
Flammarion,1924,0,0,0,0,0,0,0,0,0,0,0
Flammarion,1925,0,0,0,0,0,0,0,0,0,0,0
Flammarion,1926,0,0,0,0,0,0,0,0,0,0,0
Flammarion,1927,0,0,0,0,0,0,0,0,0,0,0
Flammarion,1928,0,0,0,0,0,0,0,0,0,0,0
Flammarion,1929,0,0,0,0,0,0,0,0,0,0,0
Flammarion,1930,0,0,0,0,0,0,0,0,0,0,0
Flammarion,1931,0,0,0,0,0,0,0,0,0,0,0
Flammarion,1932,0,0,0,0,0,0,0,0,0,0,0
Flammarion,1933,1,1,0,0,0,0,0,0,0,0,0
Flammarion,1934,0,0,0,0,0,0,0,0,0,0,0
Flammarion,1935,0,0,0,0,0,0,0,0,0,0,0
Flammarion,1936,0,0,0,0,0,0,0,0,0,0,0
Flammarion,1937,0,0,0,0,0,0,0,0,0,0,0
Flammarion,1938,0,0,0,0,0,0,0,0,0,0,0
Flammarion,1939,0,0,0,0,0,0,0,0,0,0,0
Flammarion,1940,0,0,0,0,0,0,0,0,0,0,0
Flammarion,1941,0,0,0,0,0,0,0,0,0,0,0
Flammarion,1942,0,0,0,0,0,0,0,0,0,0,0
Flammarion,1943,0,0,0,0,0,0,0,0,0,0,0
Flammarion,1944,0,0,0,0,0,0,0,0,0,0,0
Flammarion,1945,2,1,0,0,0,0,1,0,0,0,0
Flammarion,1946,0,0,0,0,0,0,0,0,0,0,0
Flammarion,1947,1,0,0,0,1,0,0,0,0,0,0
Flammarion,1948,0,0,0,0,0,0,0,0,0,0,0
Flammarion,1949,1,1,0,0,0,0,0,0,0,0,0
Flammarion,1950,0,0,0,0,0,0,0,0,0,0,0
Flammarion,1951,0,0,0,0,0,0,0,0,0,0,0
Flammarion,1952,0,0,0,0,0,0,0,0,0,0,0
Flammarion,1953,1,0,0,0,0,0,0,0,1,0,0
Flammarion,1954,0,0,0,0,0,0,0,0,0,0,0
Flammarion,1955,0,0,0,0,0,0,0,0,0,0,0
Flammarion,1956,0,0,0,0,0,0,0,0,0,0,0
Flammarion,1957,0,0,0,0,0,0,0,0,0,0,0
Flammarion,1958,0,0,0,0,0,0,0,0,0,0,0
Flammarion,1959,1,1,0,0,0,0,0,0,0,0,0
Flammarion,1960,0,0,0,0,0,0,0,0,0,0,0
Flammarion,1961,0,0,0,0,0,0,0,0,0,0,0
Flammarion,1962,0,0,0,0,0,0,0,0,0,0,0
Flammarion,1963,0,0,0,0,0,0,0,0,0,0,0
Flammarion,1964,0,0,0,0,0,0,0,0,0,0,0
Flammarion,1965,0,0,0,0,0,0,0,0,0,0,0
Flammarion,1966,0,0,0,0,0,0,0,0,0,0,0
Flammarion,1967,0,0,0,0,0,0,0,0,0,0,0
Flammarion,1968,0,0,0,0,0,0,0,0,0,0,0
Flammarion,1969,0,0,0,0,0,0,0,0,0,0,0
Flammarion,1970,0,0,0,0,0,0,0,0,0,0,0
Flammarion,1971,0,0,0,0,0,0,0,0,0,0,0
Flammarion,1972,0,0,0,0,0,0,0,0,0,0,0
Flammarion,1973,0,0,0,0,0,0,0,0,0,0,0
Flammarion,1974,0,0,0,0,0,0,0,0,0,0,0
Flammarion,1975,0,0,0,0,0,0,0,0,0,0,0
Flammarion,1976,1,0,0,0,0,0,0,0,0,1,0
Flammarion,1977,0,0,0,0,0,0,0,0,0,0,0
Flammarion,1978,0,0,0,0,0,0,0,0,0,0,0
Flammarion,1979,0,0,0,0,0,0,0,0,0,0,0
Flammarion,1980,1,0,0,0,0,0,1,0,0,0,0
Flammarion,1981,0,0,0,0,0,0,0,0,0,0,0
Flammarion,1982,0,0,0,0,0,0,0,0,0,0,0
Flammarion,1983,0,0,0,0,0,0,0,0,0,0,0
Flammarion,1984,0,0,0,0,0,0,0,0,0,0,0
Flammarion,1985,1,0,0,1,0,0,0,0,0,0,0
Flammarion,1986,0,0,0,0,0,0,0,0,0,0,0
Flammarion,1987,1,1,0,0,0,0,0,0,0,0,0
Flammarion,1988,0,0,0,0,0,0,0,0,0,0,0
Flammarion,1989,0,0,0,0,0,0,0,0,0,0,0
Flammarion,1990,0,0,0,0,0,0,0,0,0,0,0
Flammarion,1991,0,0,0,0,0,0,0,0,0,0,0
Flammarion,1992,1,0,0,0,0,0,0,1,0,0,0
Flammarion,1993,0,0,0,0,0,0,0,0,0,0,0
Flammarion,1994,0,0,0,0,0,0,0,0,0,0,0
Flammarion,1995,0,0,0,0,0,0,0,0,0,0,0
Flammarion,1996,1,0,0,1,0,0,0,0,0,0,0
Flammarion,1997,0,0,0,0,0,0,0,0,0,0,0
Flammarion,1998,0,0,0,0,0,0,0,0,0,0,0
Flammarion,1999,0,0,0,0,0,0,0,0,0,0,0
Flammarion,2000,0,0,0,0,0,0,0,0,0,0,0
Flammarion,2001,0,0,0,0,0,0,0,0,0,0,0
Flammarion,2002,0,0,0,0,0,0,0,0,0,0,0
Flammarion,2003,0,0,0,0,0,0,0,0,0,0,0
Flammarion,2004,1,0,0,0,0,0,0,0,1,0,0
Flammarion,2005,0,0,0,0,0,0,0,0,0,0,0
Flammarion,2006,0,0,0,0,0,0,0,0,0,0,0
Flammarion,2007,0,0,0,0,0,0,0,0,0,0,0
Flammarion,2008,0,0,0,0,0,0,0,0,0,0,0
Flammarion,2009,0,0,0,0,0,0,0,0,0,0,0
Flammarion,2010,2,0,1,0,0,0,1,0,0,0,0
Flammarion,2011,0,0,0,0,0,0,0,0,0,0,0
Flammarion,2012,0,0,0,0,0,0,0,0,0,0,0
Flammarion,2013,0,0,0,0,0,0,0,0,0,0,0
Flammarion,2014,0,0,0,0,0,0,0,0,0,0,0
Gallimard,1903,0,0,0,0,0,0,0,0,0,0,0
Gallimard,1904,0,0,0,0,0,0,0,0,0,0,0
Gallimard,1905,0,0,0,0,0,0,0,0,0,0,0
Gallimard,1906,0,0,0,0,0,0,0,0,0,0,0
Gallimard,1907,0,0,0,0,0,0,0,0,0,0,0
Gallimard,1908,0,0,0,0,0,0,0,0,0,0,0
Gallimard,1909,0,0,0,0,0,0,0,0,0,0,0
Gallimard,1910,0,0,0,0,0,0,0,0,0,0,0
Gallimard,1911,0,0,0,0,0,0,0,0,0,0,0
Gallimard,1912,0,0,0,0,0,0,0,0,0,0,0
Gallimard,1913,0,0,0,0,0,0,0,0,0,0,0
Gallimard,1914,0,0,0,0,0,0,0,0,0,0,0
Gallimard,1915,0,0,0,0,0,0,0,0,0,0,0
Gallimard,1916,0,0,0,0,0,0,0,0,0,0,0
Gallimard,1917,0,0,0,0,0,0,0,0,0,0,0
Gallimard,1918,0,0,0,0,0,0,0,0,0,0,0
Gallimard,1919,1,0,0,0,0,0,1,0,0,0,0
Gallimard,1920,0,0,0,0,0,0,0,0,0,0,0
Gallimard,1921,0,0,0,0,0,0,0,0,0,0,0
Gallimard,1922,1,0,0,0,1,0,0,0,0,0,0
Gallimard,1923,1,0,0,0,0,0,1,0,0,0,0
Gallimard,1924,1,0,0,0,0,0,1,0,0,0,0
Gallimard,1925,0,0,0,0,0,0,0,0,0,0,0
Gallimard,1926,2,0,0,0,0,0,1,0,0,0,1
Gallimard,1927,2,1,0,0,0,0,1,0,0,0,0
Gallimard,1928,0,0,0,0,0,0,0,0,0,0,0
Gallimard,1929,2,0,0,0,0,0,1,0,0,0,1
Gallimard,1930,1,1,0,0,0,0,0,0,0,0,0
Gallimard,1931,2,0,0,0,1,0,0,0,1,0,0
Gallimard,1932,2,0,0,0,1,0,1,0,0,0,0
Gallimard,1933,2,0,0,0,0,0,1,0,1,0,0
Gallimard,1934,3,0,0,0,1,0,0,0,1,0,1
Gallimard,1935,2,0,0,0,0,0,0,0,1,0,1
Gallimard,1936,0,0,0,0,0,0,0,0,0,0,0
Gallimard,1937,1,1,0,0,0,0,0,0,0,0,0
Gallimard,1938,2,0,0,0,1,0,0,0,1,0,0
Gallimard,1939,2,1,0,0,0,0,1,0,0,0,0
Gallimard,1940,0,0,0,0,0,0,0,0,0,0,0
Gallimard,1941,2,1,0,0,0,0,1,0,0,0,0
Gallimard,1942,1,0,0,0,0,0,1,0,0,0,0
Gallimard,1943,1,0,0,0,0,0,1,0,0,0,0
Gallimard,1944,1,0,0,0,0,0,1,0,0,0,0
Gallimard,1945,0,0,0,0,0,0,0,0,0,0,0
Gallimard,1946,0,0,0,0,0,0,0,0,0,0,0
Gallimard,1947,1,1,0,0,0,0,0,0,0,0,0
Gallimard,1948,0,0,0,0,0,0,0,0,0,0,0
Gallimard,1949,2,0,0,0,0,0,1,0,0,0,1
Gallimard,1950,3,0,0,0,1,0,1,0,1,0,0
Gallimard,1951,2,0,0,0,0,0,0,0,1,0,1
Gallimard,1952,2,0,0,0,0,0,1,0,1,0,0
Gallimard,1953,2,0,0,0,1,0,1,0,0,0,0
Gallimard,1954,3,1,0,0,1,0,1,0,0,0,0
Gallimard,1955,1,0,0,0,0,0,0,0,1,0,0
Gallimard,1956,2,0,0,0,1,0,1,0,0,0,0
Gallimard,1957,2,1,0,0,0,0,1,0,0,0,0
Gallimard,1958,1,0,0,0,0,0,1,0,0,0,0
Gallimard,1959,1,0,0,0,1,0,0,0,0,0,0
Gallimard,1960,4,0,0,0,1,0,0,0,1,1,1
Gallimard,1961,3,1,0,0,1,0,1,0,0,0,0
Gallimard,1962,4,1,0,0,0,0,1,0,1,1,0
Gallimard,1963,4,1,0,0,1,0,0,0,0,1,1
Gallimard,1964,0,0,0,0,0,0,0,0,0,0,0
Gallimard,1965,1,0,0,0,0,0,1,0,0,0,0
Gallimard,1966,1,0,0,0,0,0,0,0,0,0,1
Gallimard,1967,2,1,0,0,0,0,1,0,0,0,0
Gallimard,1968,2,1,0,0,1,0,0,0,0,0,0
Gallimard,1969,3,1,0,0,1,0,1,0,0,0,0
Gallimard,1970,4,1,0,1,0,0,1,0,1,0,0
Gallimard,1971,3,1,0,0,0,0,0,0,0,1,1
Gallimard,1972,2,1,0,0,1,0,0,0,0,0,0
Gallimard,1973,1,1,0,0,0,0,0,0,0,0,0
Gallimard,1974,1,0,0,0,0,0,1,0,0,0,0
Gallimard,1975,1,0,0,0,0,0,0,0,0,1,0
Gallimard,1976,2,0,0,0,1,0,0,0,0,0,1
Gallimard,1977,0,0,0,0,0,0,0,0,0,0,0
Gallimard,1978,3,0,0,0,1,1,1,0,0,0,0
Gallimard,1979,1,0,0,0,1,0,0,0,0,0,0
Gallimard,1980,0,0,0,0,0,0,0,0,0,0,0
Gallimard,1981,1,0,0,0,1,0,0,0,0,0,0
Gallimard,1982,0,0,0,0,0,0,0,0,0,0,0
Gallimard,1983,1,0,0,1,0,0,0,0,0,0,0
Gallimard,1984,1,0,0,0,0,0,0,0,0,0,1
Gallimard,1985,2,0,0,0,1,0,1,0,0,0,0
Gallimard,1986,3,0,0,1,0,0,0,0,1,0,1
Gallimard,1987,1,0,0,1,0,0,0,0,0,0,0
Gallimard,1988,2,0,0,0,1,0,0,0,0,0,1
Gallimard,1989,1,0,0,0,1,0,0,0,0,0,0
Gallimard,1990,4,1,0,0,1,1,0,0,0,1,0
Gallimard,1991,2,1,0,0,0,1,0,0,0,0,0
Gallimard,1992,3,0,0,0,1,0,1,0,0,0,1
Gallimard,1993,4,1,0,0,0,0,0,1,0,1,1
Gallimard,1994,0,0,0,0,0,0,0,0,0,0,0
Gallimard,1995,1,0,0,0,0,1,0,0,0,0,0
Gallimard,1996,2,0,0,0,0,0,0,0,0,1,1
Gallimard,1997,2,0,0,0,1,0,0,0,0,1,0
Gallimard,1998,3,1,0,1,0,0,1,0,0,0,0
Gallimard,1999,2,0,0,0,0,0,0,1,1,0,0
Gallimard,2000,3,1,0,1,0,0,1,0,0,0,0
Gallimard,2001,2,0,0,0,0,0,1,0,0,1,0
Gallimard,2002,1,1,0,0,0,0,0,0,0,0,0
Gallimard,2003,3,1,0,0,1,1,0,0,0,0,0
Gallimard,2004,3,1,1,0,0,0,0,0,0,1,0
Gallimard,2005,1,0,0,0,1,0,0,0,0,0,0
Gallimard,2006,2,1,0,0,0,0,1,0,0,0,0
Gallimard,2007,3,0,1,0,1,0,0,0,0,0,1
Gallimard,2008,1,0,0,0,0,0,0,1,0,0,0
Gallimard,2009,2,0,0,0,0,0,1,0,1,0,0
Gallimard,2010,0,0,0,0,0,0,0,0,0,0,0
Gallimard,2011,2,0,0,0,0,0,1,1,0,0,0
Gallimard,2012,2,0,0,0,0,0,0,0,1,0,1
Gallimard,2013,2,1,0,0,0,0,0,0,1,0,0
Gallimard,2014,2,0,0,0,0,0,0,1,0,0,1
Grasset,1903,0,0,0,0,0,0,0,0,0,0,0
Grasset,1904,0,0,0,0,0,0,0,0,0,0,0
Grasset,1905,0,0,0,0,0,0,0,0,0,0,0
Grasset,1906,0,0,0,0,0,0,0,0,0,0,0
Grasset,1907,0,0,0,0,0,0,0,0,0,0,0
Grasset,1908,0,0,0,0,0,0,0,0,0,0,0
Grasset,1909,0,0,0,0,0,0,0,0,0,0,0
Grasset,1910,0,0,0,0,0,0,0,0,0,0,0
Grasset,1911,1,0,0,0,0,0,1,0,0,0,0
Grasset,1912,1,0,0,0,0,0,1,0,0,0,0
Grasset,1913,0,0,0,0,0,0,0,0,0,0,0
Grasset,1914,0,0,0,0,0,0,0,0,0,0,0
Grasset,1915,0,0,0,0,0,0,0,0,0,0,0
Grasset,1916,0,0,0,0,0,0,0,0,0,0,0
Grasset,1917,0,0,0,0,0,0,0,0,0,0,0
Grasset,1918,0,0,0,0,0,0,0,0,0,0,0
Grasset,1919,0,0,0,0,0,0,0,0,0,0,0
Grasset,1920,0,0,0,0,0,0,0,0,0,0,0
Grasset,1921,0,0,0,0,0,0,0,0,0,0,0
Grasset,1922,0,0,0,0,0,0,0,0,0,0,0
Grasset,1923,1,1,0,0,0,0,0,0,0,0,0
Grasset,1924,0,0,0,0,0,0,0,0,0,0,0
Grasset,1925,2,0,0,0,1,0,1,0,0,0,0
Grasset,1926,1,1,0,0,0,0,0,0,0,0,0
Grasset,1927,1,0,0,0,0,0,0,0,0,0,1
Grasset,1928,1,0,0,0,0,0,0,0,0,0,1
Grasset,1929,1,1,0,0,0,0,0,0,0,0,0
Grasset,1930,1,0,0,0,0,0,0,0,1,0,0
Grasset,1931,0,0,0,0,0,0,0,0,0,0,0
Grasset,1932,1,1,0,0,0,0,0,0,0,0,0
Grasset,1933,0,0,0,0,0,0,0,0,0,0,0
Grasset,1934,0,0,0,0,0,0,0,0,0,0,0
Grasset,1935,2,0,0,0,1,0,1,0,0,0,0
Grasset,1936,0,0,0,0,0,0,0,0,0,0,0
Grasset,1937,0,0,0,0,0,0,0,0,0,0,0
Grasset,1938,1,1,0,0,0,0,0,0,0,0,0
Grasset,1939,1,0,0,0,0,0,0,0,1,0,0
Grasset,1940,1,1,0,0,0,0,0,0,0,0,0
Grasset,1941,1,0,0,0,0,0,0,0,0,0,1
Grasset,1942,1,1,0,0,0,0,0,0,0,0,0
Grasset,1943,0,0,0,0,0,0,0,0,0,0,0
Grasset,1944,0,0,0,0,0,0,0,0,0,0,0
Grasset,1945,0,0,0,0,0,0,0,0,0,0,0
Grasset,1946,0,0,0,0,0,0,0,0,0,0,0
Grasset,1947,0,0,0,0,0,0,0,0,0,0,0
Grasset,1948,0,0,0,0,0,0,0,0,0,0,0
Grasset,1949,0,0,0,0,0,0,0,0,0,0,0
Grasset,1950,0,0,0,0,0,0,0,0,0,0,0
Grasset,1951,0,0,0,0,0,0,0,0,0,0,0
Grasset,1952,0,0,0,0,0,0,0,0,0,0,0
Grasset,1953,0,0,0,0,0,0,0,0,0,0,0
Grasset,1954,1,1,0,0,0,0,0,0,0,0,0
Grasset,1955,0,0,0,0,0,0,0,0,0,0,0
Grasset,1956,0,0,0,0,0,0,0,0,0,0,0
Grasset,1957,0,0,0,0,0,0,0,0,0,0,0
Grasset,1958,0,0,0,0,0,0,0,0,0,0,0
Grasset,1959,0,0,0,0,0,0,0,0,0,0,0
Grasset,1960,0,0,0,0,0,0,0,0,0,0,0
Grasset,1961,0,0,0,0,0,0,0,0,0,0,0
Grasset,1962,1,0,0,0,1,0,0,0,0,0,0
Grasset,1963,0,0,0,0,0,0,0,0,0,0,0
Grasset,1964,1,0,0,0,0,0,0,0,1,0,0
Grasset,1965,1,0,0,0,0,0,0,0,1,0,0
Grasset,1966,4,1,0,0,0,0,1,0,1,1,0
Grasset,1967,1,0,0,0,0,0,0,0,1,0,0
Grasset,1968,1,0,0,0,0,0,0,0,1,0,0
Grasset,1969,3,0,0,0,0,0,0,0,1,1,1
Grasset,1970,1,0,0,0,1,0,0,0,0,0,0
Grasset,1971,2,0,0,0,0,0,1,0,1,0,0
Grasset,1972,3,0,0,1,0,0,0,0,1,1,0
Grasset,1973,2,0,0,0,0,0,1,0,1,0,0
Grasset,1974,3,1,0,0,0,0,0,0,0,1,1
Grasset,1975,2,0,0,0,0,0,0,0,1,0,1
Grasset,1976,1,1,0,0,0,0,0,0,0,0,0
Grasset,1977,2,0,0,0,1,0,0,0,1,0,0
Grasset,1978,2,0,0,1,0,0,0,0,1,0,0
Grasset,1979,2,0,0,0,0,0,1,0,0,1,0
Grasset,1980,1,0,0,0,0,0,0,0,1,0,0
Grasset,1981,2,0,0,0,0,0,1,0,1,0,0
Grasset,1982,4,0,0,0,0,1,1,0,0,1,1
Grasset,1983,3,0,0,0,0,1,0,0,1,0,1
Grasset,1984,3,1,0,0,0,0,0,0,1,1,0
Grasset,1985,1,0,0,0,0,0,0,0,0,0,1
Grasset,1986,2,0,0,0,0,0,1,0,0,1,0
Grasset,1987,2,0,0,0,0,0,0,0,1,0,1
Grasset,1988,3,1,0,0,0,0,0,0,1,1,0
Grasset,1989,4,0,0,0,0,0,1,1,1,1,0
Grasset,1990,1,0,0,0,0,0,0,0,1,0,0
Grasset,1991,3,0,0,0,0,0,1,1,0,1,0
Grasset,1992,1,1,0,0,0,0,0,0,0,0,0
Grasset,1993,3,0,0,0,1,0,1,0,1,0,0
Grasset,1994,1,0,0,0,0,0,0,0,0,1,0
Grasset,1995,1,0,0,0,0,0,0,0,1,0,0
Grasset,1996,2,0,0,0,0,0,0,0,1,1,0
Grasset,1997,3,1,0,0,0,0,1,0,0,0,1
Grasset,1998,3,0,0,0,0,0,0,0,1,1,1
Grasset,1999,2,0,1,0,0,0,0,0,0,0,1
Grasset,2000,1,0,0,0,0,0,0,0,0,1,0
Grasset,2001,1,0,0,0,0,0,0,1,0,0,0
Grasset,2002,3,0,0,0,0,0,1,0,1,1,0
Grasset,2003,2,0,0,0,0,0,0,1,1,0,0
Grasset,2004,1,0,0,0,0,0,0,1,0,0,0
Grasset,2005,3,0,1,1,0,0,1,0,0,0,0
Grasset,2006,3,0,0,0,0,1,0,0,1,1,0
Grasset,2007,0,0,0,0,0,0,0,0,0,0,0
Grasset,2008,0,0,0,0,0,0,0,0,0,0,0
Grasset,2009,2,0,0,0,0,0,0,0,0,1,1
Grasset,2010,1,0,0,0,0,0,0,0,0,0,1
Grasset,2011,2,1,0,0,1,0,0,0,0,0,0
Grasset,2012,0,0,0,0,0,0,0,0,0,0,0
Grasset,2013,3,0,0,0,1,0,0,1,0,0,1
Grasset,2014,0,0,0,0,0,0,0,0,0,0,0
Julliard,1903,0,0,0,0,0,0,0,0,0,0,0
Julliard,1904,0,0,0,0,0,0,0,0,0,0,0
Julliard,1905,0,0,0,0,0,0,0,0,0,0,0
Julliard,1906,0,0,0,0,0,0,0,0,0,0,0
Julliard,1907,0,0,0,0,0,0,0,0,0,0,0
Julliard,1908,0,0,0,0,0,0,0,0,0,0,0
Julliard,1909,0,0,0,0,0,0,0,0,0,0,0
Julliard,1910,0,0,0,0,0,0,0,0,0,0,0
Julliard,1911,0,0,0,0,0,0,0,0,0,0,0
Julliard,1912,0,0,0,0,0,0,0,0,0,0,0
Julliard,1913,0,0,0,0,0,0,0,0,0,0,0
Julliard,1914,0,0,0,0,0,0,0,0,0,0,0
Julliard,1915,0,0,0,0,0,0,0,0,0,0,0
Julliard,1916,0,0,0,0,0,0,0,0,0,0,0
Julliard,1917,0,0,0,0,0,0,0,0,0,0,0
Julliard,1918,0,0,0,0,0,0,0,0,0,0,0
Julliard,1919,0,0,0,0,0,0,0,0,0,0,0
Julliard,1920,0,0,0,0,0,0,0,0,0,0,0
Julliard,1921,0,0,0,0,0,0,0,0,0,0,0
Julliard,1922,0,0,0,0,0,0,0,0,0,0,0
Julliard,1923,0,0,0,0,0,0,0,0,0,0,0
Julliard,1924,0,0,0,0,0,0,0,0,0,0,0
Julliard,1925,0,0,0,0,0,0,0,0,0,0,0
Julliard,1926,0,0,0,0,0,0,0,0,0,0,0
Julliard,1927,0,0,0,0,0,0,0,0,0,0,0
Julliard,1928,0,0,0,0,0,0,0,0,0,0,0
Julliard,1929,0,0,0,0,0,0,0,0,0,0,0
Julliard,1930,0,0,0,0,0,0,0,0,0,0,0
Julliard,1931,0,0,0,0,0,0,0,0,0,0,0
Julliard,1932,0,0,0,0,0,0,0,0,0,0,0
Julliard,1933,0,0,0,0,0,0,0,0,0,0,0
Julliard,1934,0,0,0,0,0,0,0,0,0,0,0
Julliard,1935,0,0,0,0,0,0,0,0,0,0,0
Julliard,1936,0,0,0,0,0,0,0,0,0,0,0
Julliard,1937,0,0,0,0,0,0,0,0,0,0,0
Julliard,1938,0,0,0,0,0,0,0,0,0,0,0
Julliard,1939,0,0,0,0,0,0,0,0,0,0,0
Julliard,1940,0,0,0,0,0,0,0,0,0,0,0
Julliard,1941,0,0,0,0,0,0,0,0,0,0,0
Julliard,1942,0,0,0,0,0,0,0,0,0,0,0
Julliard,1943,0,0,0,0,0,0,0,0,0,0,0
Julliard,1944,0,0,0,0,0,0,0,0,0,0,0
Julliard,1945,0,0,0,0,0,0,0,0,0,0,0
Julliard,1946,2,0,0,0,1,0,1,0,0,0,0
Julliard,1947,1,0,0,0,0,0,1,0,0,0,0
Julliard,1948,2,0,0,0,0,0,1,0,0,0,1
Julliard,1949,1,0,0,0,0,0,0,0,1,0,0
Julliard,1950,0,0,0,0,0,0,0,0,0,0,0
Julliard,1951,1,1,0,0,0,0,0,0,0,0,0
Julliard,1952,1,0,0,0,0,0,0,0,0,0,1
Julliard,1953,0,0,0,0,0,0,0,0,0,0,0
Julliard,1954,2,0,0,0,0,0,0,0,1,0,1
Julliard,1955,0,0,0,0,0,0,0,0,0,0,0
Julliard,1956,1,0,0,0,0,0,0,0,0,0,1
Julliard,1957,1,0,0,0,1,0,0,0,0,0,0
Julliard,1958,1,0,0,0,1,0,0,0,0,0,0
Julliard,1959,1,0,0,0,0,0,0,0,0,0,1
Julliard,1960,0,0,0,0,0,0,0,0,0,0,0
Julliard,1961,0,0,0,0,0,0,0,0,0,0,0
Julliard,1962,0,0,0,0,0,0,0,0,0,0,0
Julliard,1963,1,0,0,0,0,0,1,0,0,0,0
Julliard,1964,1,1,0,0,0,0,0,0,0,0,0
Julliard,1965,1,0,0,0,0,0,0,0,0,0,1
Julliard,1966,0,0,0,0,0,0,0,0,0,0,0
Julliard,1967,0,0,0,0,0,0,0,0,0,0,0
Julliard,1968,0,0,0,0,0,0,0,0,0,0,0
Julliard,1969,0,0,0,0,0,0,0,0,0,0,0
Julliard,1970,0,0,0,0,0,0,0,0,0,0,0
Julliard,1971,1,0,0,1,0,0,0,0,0,0,0
Julliard,1972,0,0,0,0,0,0,0,0,0,0,0
Julliard,1973,0,0,0,0,0,0,0,0,0,0,0
Julliard,1974,0,0,0,0,0,0,0,0,0,0,0
Julliard,1975,0,0,0,0,0,0,0,0,0,0,0
Julliard,1976,0,0,0,0,0,0,0,0,0,0,0
Julliard,1977,1,1,0,0,0,0,0,0,0,0,0
Julliard,1978,1,1,0,0,0,0,0,0,0,0,0
Julliard,1979,0,0,0,0,0,0,0,0,0,0,0
Julliard,1980,0,0,0,0,0,0,0,0,0,0,0
Julliard,1981,0,0,0,0,0,0,0,0,0,0,0
Julliard,1982,1,1,0,0,0,0,0,0,0,0,0
Julliard,1983,0,0,0,0,0,0,0,0,0,0,0
Julliard,1984,0,0,0,0,0,0,0,0,0,0,0
Julliard,1985,0,0,0,0,0,0,0,0,0,0,0
Julliard,1986,0,0,0,0,0,0,0,0,0,0,0
Julliard,1987,0,0,0,0,0,0,0,0,0,0,0
Julliard,1988,0,0,0,0,0,0,0,0,0,0,0
Julliard,1989,0,0,0,0,0,0,0,0,0,0,0
Julliard,1990,0,0,0,0,0,0,0,0,0,0,0
Julliard,1991,0,0,0,0,0,0,0,0,0,0,0
Julliard,1992,0,0,0,0,0,0,0,0,0,0,0
Julliard,1993,0,0,0,0,0,0,0,0,0,0,0
Julliard,1994,0,0,0,0,0,0,0,0,0,0,0
Julliard,1995,0,0,0,0,0,0,0,0,0,0,0
Julliard,1996,0,0,0,0,0,0,0,0,0,0,0
Julliard,1997,1,0,0,0,0,0,0,1,0,0,0
Julliard,1998,0,0,0,0,0,0,0,0,0,0,0
Julliard,1999,0,0,0,0,0,0,0,0,0,0,0
Julliard,2000,0,0,0,0,0,0,0,0,0,0,0
Julliard,2001,0,0,0,0,0,0,0,0,0,0,0
Julliard,2002,0,0,0,0,0,0,0,0,0,0,0
Julliard,2003,0,0,0,0,0,0,0,0,0,0,0
Julliard,2004,0,0,0,0,0,0,0,0,0,0,0
Julliard,2005,0,0,0,0,0,0,0,0,0,0,0
Julliard,2006,0,0,0,0,0,0,0,0,0,0,0
Julliard,2007,0,0,0,0,0,0,0,0,0,0,0
Julliard,2008,0,0,0,0,0,0,0,0,0,0,0
Julliard,2009,0,0,0,0,0,0,0,0,0,0,0
Julliard,2010,0,0,0,0,0,0,0,0,0,0,0
Julliard,2011,0,0,0,0,0,0,0,0,0,0,0
Julliard,2012,0,0,0,0,0,0,0,0,0,0,0
Julliard,2013,0,0,0,0,0,0,0,0,0,0,0
Julliard,2014,0,0,0,0,0,0,0,0,0,0,0
Le Seuil,1903,0,0,0,0,0,0,0,0,0,0,0
Le Seuil,1904,0,0,0,0,0,0,0,0,0,0,0
Le Seuil,1905,0,0,0,0,0,0,0,0,0,0,0
Le Seuil,1906,0,0,0,0,0,0,0,0,0,0,0
Le Seuil,1907,0,0,0,0,0,0,0,0,0,0,0
Le Seuil,1908,0,0,0,0,0,0,0,0,0,0,0
Le Seuil,1909,0,0,0,0,0,0,0,0,0,0,0
Le Seuil,1910,0,0,0,0,0,0,0,0,0,0,0
Le Seuil,1911,0,0,0,0,0,0,0,0,0,0,0
Le Seuil,1912,0,0,0,0,0,0,0,0,0,0,0
Le Seuil,1913,0,0,0,0,0,0,0,0,0,0,0
Le Seuil,1914,0,0,0,0,0,0,0,0,0,0,0
Le Seuil,1915,0,0,0,0,0,0,0,0,0,0,0
Le Seuil,1916,0,0,0,0,0,0,0,0,0,0,0
Le Seuil,1917,0,0,0,0,0,0,0,0,0,0,0
Le Seuil,1918,0,0,0,0,0,0,0,0,0,0,0
Le Seuil,1919,0,0,0,0,0,0,0,0,0,0,0
Le Seuil,1920,0,0,0,0,0,0,0,0,0,0,0
Le Seuil,1921,0,0,0,0,0,0,0,0,0,0,0
Le Seuil,1922,0,0,0,0,0,0,0,0,0,0,0
Le Seuil,1923,0,0,0,0,0,0,0,0,0,0,0
Le Seuil,1924,0,0,0,0,0,0,0,0,0,0,0
Le Seuil,1925,0,0,0,0,0,0,0,0,0,0,0
Le Seuil,1926,0,0,0,0,0,0,0,0,0,0,0
Le Seuil,1927,0,0,0,0,0,0,0,0,0,0,0
Le Seuil,1928,0,0,0,0,0,0,0,0,0,0,0
Le Seuil,1929,0,0,0,0,0,0,0,0,0,0,0
Le Seuil,1930,0,0,0,0,0,0,0,0,0,0,0
Le Seuil,1931,0,0,0,0,0,0,0,0,0,0,0
Le Seuil,1932,0,0,0,0,0,0,0,0,0,0,0
Le Seuil,1933,0,0,0,0,0,0,0,0,0,0,0
Le Seuil,1934,0,0,0,0,0,0,0,0,0,0,0
Le Seuil,1935,0,0,0,0,0,0,0,0,0,0,0
Le Seuil,1936,0,0,0,0,0,0,0,0,0,0,0
Le Seuil,1937,0,0,0,0,0,0,0,0,0,0,0
Le Seuil,1938,0,0,0,0,0,0,0,0,0,0,0
Le Seuil,1939,0,0,0,0,0,0,0,0,0,0,0
Le Seuil,1940,0,0,0,0,0,0,0,0,0,0,0
Le Seuil,1941,0,0,0,0,0,0,0,0,0,0,0
Le Seuil,1942,0,0,0,0,0,0,0,0,0,0,0
Le Seuil,1943,0,0,0,0,0,0,0,0,0,0,0
Le Seuil,1944,0,0,0,0,0,0,0,0,0,0,0
Le Seuil,1945,0,0,0,0,0,0,0,0,0,0,0
Le Seuil,1946,0,0,0,0,0,0,0,0,0,0,0
Le Seuil,1947,1,0,0,0,0,0,0,0,0,0,1
Le Seuil,1948,0,0,0,0,0,0,0,0,0,0,0
Le Seuil,1949,0,0,0,0,0,0,0,0,0,0,0
Le Seuil,1950,0,0,0,0,0,0,0,0,0,0,0
Le Seuil,1951,0,0,0,0,0,0,0,0,0,0,0
Le Seuil,1952,1,0,0,0,1,0,0,0,0,0,0
Le Seuil,1953,0,0,0,0,0,0,0,0,0,0,0
Le Seuil,1954,0,0,0,0,0,0,0,0,0,0,0
Le Seuil,1955,0,0,0,0,0,0,0,0,0,0,0
Le Seuil,1956,0,0,0,0,0,0,0,0,0,0,0
Le Seuil,1957,0,0,0,0,0,0,0,0,0,0,0
Le Seuil,1958,1,0,0,0,0,0,0,0,0,0,1
Le Seuil,1959,1,0,0,0,0,0,1,0,0,0,0
Le Seuil,1960,0,0,0,0,0,0,0,0,0,0,0
Le Seuil,1961,1,0,0,0,0,0,0,0,0,1,0
Le Seuil,1962,1,0,0,0,0,0,0,0,0,0,1
Le Seuil,1963,0,0,0,0,0,0,0,0,0,0,0
Le Seuil,1964,1,0,0,0,0,0,0,0,0,0,1
Le Seuil,1965,2,1,0,0,0,0,0,0,0,1,0
Le Seuil,1966,0,0,0,0,0,0,0,0,0,0,0
Le Seuil,1967,0,0,0,0,0,0,0,0,0,0,0
Le Seuil,1968,2,0,0,0,0,0,0,0,0,1,1
Le Seuil,1969,0,0,0,0,0,0,0,0,0,0,0
Le Seuil,1970,1,0,0,0,0,0,0,0,0,1,0
Le Seuil,1971,0,0,0,0,0,0,0,0,0,0,0
Le Seuil,1972,1,0,0,0,0,0,0,0,0,0,1
Le Seuil,1973,2,0,0,1,1,0,0,0,0,0,0
Le Seuil,1974,1,0,0,0,1,0,0,0,0,0,0
Le Seuil,1975,0,0,0,0,0,0,0,0,0,0,0
Le Seuil,1976,2,0,0,0,0,0,1,0,1,0,0
Le Seuil,1977,1,0,0,0,0,0,1,0,0,0,0
Le Seuil,1978,0,0,0,0,0,0,0,0,0,0,0
Le Seuil,1979,1,0,0,0,0,0,0,0,0,0,1
Le Seuil,1980,4,1,0,0,0,1,0,0,0,1,1
Le Seuil,1981,1,0,0,0,0,0,0,0,0,0,1
Le Seuil,1982,1,0,0,0,1,0,0,0,0,0,0
Le Seuil,1983,0,0,0,0,0,0,0,0,0,0,0
Le Seuil,1984,1,0,0,0,1,0,0,0,0,0,0
Le Seuil,1985,2,1,0,0,0,0,0,0,0,1,0
Le Seuil,1986,0,0,0,0,0,0,0,0,0,0,0
Le Seuil,1987,2,0,0,0,0,0,1,0,0,1,0
Le Seuil,1988,2,0,0,0,0,0,1,1,0,0,0
Le Seuil,1989,1,0,0,0,0,0,0,0,0,0,1
Le Seuil,1990,0,0,0,0,0,0,0,0,0,0,0
Le Seuil,1991,1,0,0,0,0,0,0,0,0,0,1
Le Seuil,1992,2,0,0,0,0,1,0,0,0,1,0
Le Seuil,1993,0,0,0,0,0,0,0,0,0,0,0
Le Seuil,1994,2,1,0,0,1,0,0,0,0,0,0
Le Seuil,1995,1,0,0,0,0,0,0,0,0,1,0
Le Seuil,1996,0,0,0,0,0,0,0,0,0,0,0
Le Seuil,1997,1,0,0,1,0,0,0,0,0,0,0
Le Seuil,1998,0,0,0,0,0,0,0,0,0,0,0
Le Seuil,1999,2,0,0,0,1,1,0,0,0,0,0
Le Seuil,2000,3,0,0,0,0,1,0,1,0,0,1
Le Seuil,2001,0,0,0,0,0,0,0,0,0,0,0
Le Seuil,2002,1,0,0,0,1,0,0,0,0,0,0
Le Seuil,2003,2,0,0,1,0,0,0,0,0,1,0
Le Seuil,2004,0,0,0,0,0,0,0,0,0,0,0
Le Seuil,2005,0,0,0,0,0,0,0,0,0,0,0
Le Seuil,2006,1,0,0,0,0,0,0,0,0,0,1
Le Seuil,2007,1,0,0,0,0,0,0,0,0,1,0
Le Seuil,2008,1,0,0,0,0,0,0,0,0,0,1
Le Seuil,2009,0,0,0,0,0,0,0,0,0,0,0
Le Seuil,2010,1,0,0,0,0,1,0,0,0,0,0
Le Seuil,2011,1,0,1,0,0,0,0,0,0,0,0
Le Seuil,2012,1,0,0,0,1,0,0,0,0,0,0
Le Seuil,2013,0,0,0,0,0,0,0,0,0,0,0
Le Seuil,2014,3,0,1,0,0,0,1,0,0,1,0
Mercure de France,1903,0,0,0,0,0,0,0,0,0,0,0
Mercure de France,1904,0,0,0,0,0,0,0,0,0,0,0
Mercure de France,1905,0,0,0,0,0,0,0,0,0,0,0
Mercure de France,1906,0,0,0,0,0,0,0,0,0,0,0
Mercure de France,1907,0,0,0,0,0,0,0,0,0,0,0
Mercure de France,1908,0,0,0,0,0,0,0,0,0,0,0
Mercure de France,1909,0,0,0,0,0,0,0,0,0,0,0
Mercure de France,1910,1,0,0,0,0,0,1,0,0,0,0
Mercure de France,1911,0,0,0,0,0,0,0,0,0,0,0
Mercure de France,1912,0,0,0,0,0,0,0,0,0,0,0
Mercure de France,1913,0,0,0,0,0,0,0,0,0,0,0
Mercure de France,1914,0,0,0,0,0,0,0,0,0,0,0
Mercure de France,1915,0,0,0,0,0,0,0,0,0,0,0
Mercure de France,1916,0,0,0,0,0,0,0,0,0,0,0
Mercure de France,1917,0,0,0,0,0,0,0,0,0,0,0
Mercure de France,1918,1,0,0,0,0,0,1,0,0,0,0
Mercure de France,1919,0,0,0,0,0,0,0,0,0,0,0
Mercure de France,1920,0,0,0,0,0,0,0,0,0,0,0
Mercure de France,1921,0,0,0,0,0,0,0,0,0,0,0
Mercure de France,1922,0,0,0,0,0,0,0,0,0,0,0
Mercure de France,1923,0,0,0,0,0,0,0,0,0,0,0
Mercure de France,1924,0,0,0,0,0,0,0,0,0,0,0
Mercure de France,1925,0,0,0,0,0,0,0,0,0,0,0
Mercure de France,1926,0,0,0,0,0,0,0,0,0,0,0
Mercure de France,1927,0,0,0,0,0,0,0,0,0,0,0
Mercure de France,1928,0,0,0,0,0,0,0,0,0,0,0
Mercure de France,1929,0,0,0,0,0,0,0,0,0,0,0
Mercure de France,1930,0,0,0,0,0,0,0,0,0,0,0
Mercure de France,1931,0,0,0,0,0,0,0,0,0,0,0
Mercure de France,1932,0,0,0,0,0,0,0,0,0,0,0
Mercure de France,1933,0,0,0,0,0,0,0,0,0,0,0
Mercure de France,1934,0,0,0,0,0,0,0,0,0,0,0
Mercure de France,1935,0,0,0,0,0,0,0,0,0,0,0
Mercure de France,1936,0,0,0,0,0,0,0,0,0,0,0
Mercure de France,1937,0,0,0,0,0,0,0,0,0,0,0
Mercure de France,1938,0,0,0,0,0,0,0,0,0,0,0
Mercure de France,1939,0,0,0,0,0,0,0,0,0,0,0
Mercure de France,1940,0,0,0,0,0,0,0,0,0,0,0
Mercure de France,1941,0,0,0,0,0,0,0,0,0,0,0
Mercure de France,1942,0,0,0,0,0,0,0,0,0,0,0
Mercure de France,1943,0,0,0,0,0,0,0,0,0,0,0
Mercure de France,1944,0,0,0,0,0,0,0,0,0,0,0
Mercure de France,1945,0,0,0,0,0,0,0,0,0,0,0
Mercure de France,1946,0,0,0,0,0,0,0,0,0,0,0
Mercure de France,1947,0,0,0,0,0,0,0,0,0,0,0
Mercure de France,1948,0,0,0,0,0,0,0,0,0,0,0
Mercure de France,1949,0,0,0,0,0,0,0,0,0,0,0
Mercure de France,1950,0,0,0,0,0,0,0,0,0,0,0
Mercure de France,1951,0,0,0,0,0,0,0,0,0,0,0
Mercure de France,1952,0,0,0,0,0,0,0,0,0,0,0
Mercure de France,1953,0,0,0,0,0,0,0,0,0,0,0
Mercure de France,1954,0,0,0,0,0,0,0,0,0,0,0
Mercure de France,1955,0,0,0,0,0,0,0,0,0,0,0
Mercure de France,1956,0,0,0,0,0,0,0,0,0,0,0
Mercure de France,1957,0,0,0,0,0,0,0,0,0,0,0
Mercure de France,1958,0,0,0,0,0,0,0,0,0,0,0
Mercure de France,1959,0,0,0,0,0,0,0,0,0,0,0
Mercure de France,1960,0,0,0,0,0,0,0,0,0,0,0
Mercure de France,1961,0,0,0,0,0,0,0,0,0,0,0
Mercure de France,1962,0,0,0,0,0,0,0,0,0,0,0
Mercure de France,1963,0,0,0,0,0,0,0,0,0,0,0
Mercure de France,1964,0,0,0,0,0,0,0,0,0,0,0
Mercure de France,1965,0,0,0,0,0,0,0,0,0,0,0
Mercure de France,1966,1,0,0,0,1,0,0,0,0,0,0
Mercure de France,1967,1,0,0,0,0,0,0,0,0,0,1
Mercure de France,1968,0,0,0,0,0,0,0,0,0,0,0
Mercure de France,1969,0,0,0,0,0,0,0,0,0,0,0
Mercure de France,1970,0,0,0,0,0,0,0,0,0,0,0
Mercure de France,1971,0,0,0,0,0,0,0,0,0,0,0
Mercure de France,1972,0,0,0,0,0,0,0,0,0,0,0
Mercure de France,1973,0,0,0,0,0,0,0,0,0,0,0
Mercure de France,1974,0,0,0,0,0,0,0,0,0,0,0
Mercure de France,1975,2,0,0,0,1,0,1,0,0,0,0
Mercure de France,1976,0,0,0,0,0,0,0,0,0,0,0
Mercure de France,1977,2,0,0,1,0,0,0,0,0,1,0
Mercure de France,1978,0,0,0,0,0,0,0,0,0,0,0
Mercure de France,1979,0,0,0,0,0,0,0,0,0,0,0
Mercure de France,1980,1,0,0,0,1,0,0,0,0,0,0
Mercure de France,1981,1,0,0,0,0,0,0,0,0,1,0
Mercure de France,1982,0,0,0,0,0,0,0,0,0,0,0
Mercure de France,1983,0,0,0,0,0,0,0,0,0,0,0
Mercure de France,1984,0,0,0,0,0,0,0,0,0,0,0
Mercure de France,1985,0,0,0,0,0,0,0,0,0,0,0
Mercure de France,1986,0,0,0,0,0,0,0,0,0,0,0
Mercure de France,1987,0,0,0,0,0,0,0,0,0,0,0
Mercure de France,1988,0,0,0,0,0,0,0,0,0,0,0
Mercure de France,1989,0,0,0,0,0,0,0,0,0,0,0
Mercure de France,1990,0,0,0,0,0,0,0,0,0,0,0
Mercure de France,1991,1,0,0,0,1,0,0,0,0,0,0
Mercure de France,1992,2,0,0,1,0,0,0,0,1,0,0
Mercure de France,1993,0,0,0,0,0,0,0,0,0,0,0
Mercure de France,1994,0,0,0,0,0,0,0,0,0,0,0
Mercure de France,1995,3,0,0,0,0,0,1,1,0,1,0
Mercure de France,1996,0,0,0,0,0,0,0,0,0,0,0
Mercure de France,1997,0,0,0,0,0,0,0,0,0,0,0
Mercure de France,1998,0,0,0,0,0,0,0,0,0,0,0
Mercure de France,1999,0,0,0,0,0,0,0,0,0,0,0
Mercure de France,2000,0,0,0,0,0,0,0,0,0,0,0
Mercure de France,2001,0,0,0,0,0,0,0,0,0,0,0
Mercure de France,2002,0,0,0,0,0,0,0,0,0,0,0
Mercure de France,2003,0,0,0,0,0,0,0,0,0,0,0
Mercure de France,2004,0,0,0,0,0,0,0,0,0,0,0
Mercure de France,2005,0,0,0,0,0,0,0,0,0,0,0
Mercure de France,2006,1,0,1,0,0,0,0,0,0,0,0
Mercure de France,2007,1,0,0,0,0,0,1,0,0,0,0
Mercure de France,2008,0,0,0,0,0,0,0,0,0,0,0
Mercure de France,2009,1,0,0,0,1,0,0,0,0,0,0
Mercure de France,2010,0,0,0,0,0,0,0,0,0,0,0
Mercure de France,2011,1,0,1,0,0,0,0,0,0,0,0
Mercure de France,2012,0,0,0,0,0,0,0,0,0,0,0
Mercure de France,2013,0,0,0,0,0,0,0,0,0,0,0
Mercure de France,2014,0,0,0,0,0,0,0,0,0,0,0
Plon,1903,0,0,0,0,0,0,0,0,0,0,0
Plon,1904,0,0,0,0,0,0,0,0,0,0,0
Plon,1905,0,0,0,0,0,0,0,0,0,0,0
Plon,1906,1,0,0,0,0,0,1,0,0,0,0
Plon,1907,1,0,0,0,0,0,1,0,0,0,0
Plon,1908,1,0,0,0,1,0,0,0,0,0,0
Plon,1909,1,0,0,0,1,0,0,0,0,0,0
Plon,1910,0,0,0,0,0,0,0,0,0,0,0
Plon,1911,0,0,0,0,0,0,0,0,0,0,0
Plon,1912,0,0,0,0,0,0,0,0,0,0,0
Plon,1913,0,0,0,0,0,0,0,0,0,0,0
Plon,1914,0,0,0,0,0,0,0,0,0,0,0
Plon,1915,0,0,0,0,0,0,0,0,0,0,0
Plon,1916,1,1,0,0,0,0,0,0,0,0,0
Plon,1917,0,0,0,0,0,0,0,0,0,0,0
Plon,1918,1,1,0,0,0,0,0,0,0,0,0
Plon,1919,0,0,0,0,0,0,0,0,0,0,0
Plon,1920,0,0,0,0,0,0,0,0,0,0,0
Plon,1921,0,0,0,0,0,0,0,0,0,0,0
Plon,1922,0,0,0,0,0,0,0,0,0,0,0
Plon,1923,0,0,0,0,0,0,0,0,0,0,0
Plon,1924,1,1,0,0,0,0,0,0,0,0,0
Plon,1925,0,0,0,0,0,0,0,0,0,0,0
Plon,1926,1,0,0,0,1,0,0,0,0,0,0
Plon,1927,0,0,0,0,0,0,0,0,0,0,0
Plon,1928,1,1,0,0,0,0,0,0,0,0,0
Plon,1929,1,0,0,0,1,0,0,0,0,0,0
Plon,1930,1,0,0,0,1,0,0,0,0,0,0
Plon,1931,0,0,0,0,0,0,0,0,0,0,0
Plon,1932,1,0,0,0,0,0,0,0,1,0,0
Plon,1933,0,0,0,0,0,0,0,0,0,0,0
Plon,1934,1,1,0,0,0,0,0,0,0,0,0
Plon,1935,0,0,0,0,0,0,0,0,0,0,0
Plon,1936,1,1,0,0,0,0,0,0,0,0,0
Plon,1937,1,0,0,0,0,0,0,0,1,0,0
Plon,1938,1,0,0,0,0,0,1,0,0,0,0
Plon,1939,0,0,0,0,0,0,0,0,0,0,0
Plon,1940,0,0,0,0,0,0,0,0,0,0,0
Plon,1941,0,0,0,0,0,0,0,0,0,0,0
Plon,1942,0,0,0,0,0,0,0,0,0,0,0
Plon,1943,1,1,0,0,0,0,0,0,0,0,0
Plon,1944,0,0,0,0,0,0,0,0,0,0,0
Plon,1945,0,0,0,0,0,0,0,0,0,0,0
Plon,1946,0,0,0,0,0,0,0,0,0,0,0
Plon,1947,0,0,0,0,0,0,0,0,0,0,0
Plon,1948,0,0,0,0,0,0,0,0,0,0,0
Plon,1949,0,0,0,0,0,0,0,0,0,0,0
Plon,1950,0,0,0,0,0,0,0,0,0,0,0
Plon,1951,0,0,0,0,0,0,0,0,0,0,0
Plon,1952,0,0,0,0,0,0,0,0,0,0,0
Plon,1953,0,0,0,0,0,0,0,0,0,0,0
Plon,1954,0,0,0,0,0,0,0,0,0,0,0
Plon,1955,0,0,0,0,0,0,0,0,0,0,0
Plon,1956,0,0,0,0,0,0,0,0,0,0,0
Plon,1957,0,0,0,0,0,0,0,0,0,0,0
Plon,1958,0,0,0,0,0,0,0,0,0,0,0
Plon,1959,0,0,0,0,0,0,0,0,0,0,0
Plon,1960,1,1,0,0,0,0,0,0,0,0,0
Plon,1961,0,0,0,0,0,0,0,0,0,0,0
Plon,1962,0,0,0,0,0,0,0,0,0,0,0
Plon,1963,0,0,0,0,0,0,0,0,0,0,0
Plon,1964,0,0,0,0,0,0,0,0,0,0,0
Plon,1965,0,0,0,0,0,0,0,0,0,0,0
Plon,1966,0,0,0,0,0,0,0,0,0,0,0
Plon,1967,0,0,0,0,0,0,0,0,0,0,0
Plon,1968,0,0,0,0,0,0,0,0,0,0,0
Plon,1969,0,0,0,0,0,0,0,0,0,0,0
Plon,1970,0,0,0,0,0,0,0,0,0,0,0
Plon,1971,0,0,0,0,0,0,0,0,0,0,0
Plon,1972,0,0,0,0,0,0,0,0,0,0,0
Plon,1973,0,0,0,0,0,0,0,0,0,0,0
Plon,1974,0,0,0,0,0,0,0,0,0,0,0
Plon,1975,0,0,0,0,0,0,0,0,0,0,0
Plon,1976,0,0,0,0,0,0,0,0,0,0,0
Plon,1977,0,0,0,0,0,0,0,0,0,0,0
Plon,1978,0,0,0,0,0,0,0,0,0,0,0
Plon,1979,0,0,0,0,0,0,0,0,0,0,0
Plon,1980,0,0,0,0,0,0,0,0,0,0,0
Plon,1981,0,0,0,0,0,0,0,0,0,0,0
Plon,1982,0,0,0,0,0,0,0,0,0,0,0
Plon,1983,0,0,0,0,0,0,0,0,0,0,0
Plon,1984,0,0,0,0,0,0,0,0,0,0,0
Plon,1985,0,0,0,0,0,0,0,0,0,0,0
Plon,1986,0,0,0,0,0,0,0,0,0,0,0
Plon,1987,0,0,0,0,0,0,0,0,0,0,0
Plon,1988,0,0,0,0,0,0,0,0,0,0,0
Plon,1989,0,0,0,0,0,0,0,0,0,0,0
Plon,1990,0,0,0,0,0,0,0,0,0,0,0
Plon,1991,0,0,0,0,0,0,0,0,0,0,0
Plon,1992,0,0,0,0,0,0,0,0,0,0,0
Plon,1993,0,0,0,0,0,0,0,0,0,0,0
Plon,1994,0,0,0,0,0,0,0,0,0,0,0
Plon,1995,0,0,0,0,0,0,0,0,0,0,0
Plon,1996,0,0,0,0,0,0,0,0,0,0,0
Plon,1997,0,0,0,0,0,0,0,0,0,0,0
Plon,1998,0,0,0,0,0,0,0,0,0,0,0
Plon,1999,0,0,0,0,0,0,0,0,0,0,0
Plon,2000,0,0,0,0,0,0,0,0,0,0,0
Plon,2001,0,0,0,0,0,0,0,0,0,0,0
Plon,2002,0,0,0,0,0,0,0,0,0,0,0
Plon,2003,0,0,0,0,0,0,0,0,0,0,0
Plon,2004,0,0,0,0,0,0,0,0,0,0,0
Plon,2005,0,0,0,0,0,0,0,0,0,0,0
Plon,2006,1,0,0,0,0,0,0,1,0,0,0
Plon,2007,1,0,0,0,0,0,0,0,1,0,0
Plon,2008,0,0,0,0,0,0,0,0,0,0,0
Plon,2009,0,0,0,0,0,0,0,0,0,0,0
Plon,2010,0,0,0,0,0,0,0,0,0,0,0
Plon,2011,0,0,0,0,0,0,0,0,0,0,0
Plon,2012,0,0,0,0,0,0,0,0,0,0,0
Plon,2013,0,0,0,0,0,0,0,0,0,0,0
Plon,2014,0,0,0,0,0,0,0,0,0,0,0